<?xml version="1.0" encoding="utf-8" ?> 
<Environments>
	<Meta>
		<seaLevel>0.402</seaLevel>
	</Meta>
	
	<Environment name='Water'>
		<baseColourRed>0.072</baseColourRed>
		<baseColourGreen>0.130</baseColourGreen>
		<baseColourBlue>0.402</baseColourBlue>

		<Walkable>
			<boat>true</boat>
		</Walkable>
		
		<Climate>
			<averageTemperature>1</averageTemperature>
			<averageHumidity>100</averageHumidity>
			<averagePrecipitation>0</averagePrecipitation>
			<averageAtmosphericPressure>0</averageAtmosphericPressure>
			<averateWind>0</averateWind>
		</Climate>
	</Environment>
	
	<Environment name='Shore'>
		<baseColourRed>0.997</baseColourRed>
		<baseColourGreen>0.840</baseColourGreen>
		<baseColourBlue>0.530</baseColourBlue>

		<Walkable>
			<foot>true</foot>
		</Walkable>
		
		<Climate>
			<averageTemperature>1</averageTemperature>
			<averageHumidity>100</averageHumidity>
			<averagePrecipitation>0</averagePrecipitation>
			<averageAtmosphericPressure>0</averageAtmosphericPressure>
			<averateWind>0</averateWind>
		</Climate>
	</Environment>

	<Environment name='Land'>
		<baseColourRed>0.251</baseColourRed>
		<baseColourGreen>0.502</baseColourGreen>
		<baseColourBlue>0.000</baseColourBlue>
		
		<Walkable>
			<foot>true</foot>
		</Walkable>

		<Climate>
			<averageTemperature>1</averageTemperature>
			<averageHumidity>100</averageHumidity>
			<averagePrecipitation>0</averagePrecipitation>
			<averageAtmosphericPressure>0</averageAtmosphericPressure>
			<averateWind>0</averateWind>
		</Climate>
	</Environment>
</Environments>