{
  "meta": {
    "seaLevel": 0.407
  },
  "environmentList": {
    "Water": {
      "name": "Water",
      "baseColourRed": "0.072",
      "baseColourGreen": "0.130",
      "baseColourBlue": "0.402",
      "walkable": {
        "foot": false,
        "boat": true
      },
      "climate": {
        "averageTemperature": 0.0,
        "averageHumidity": 0.0,
        "averagePrecipitation": 0.0,
        "averageAtmosphericPressure": 0.0,
        "averageWind": 0.0
      }
    },
    "Shore": {
      "name": "Shore",
      "baseColourRed": "0.997",
      "baseColourGreen": "0.840",
      "baseColourBlue": "0.530",
      "walkable": {
        "foot": true,
        "boat": false
      },
      "climate": {
        "averageTemperature": 0.0,
        "averageHumidity": 0.0,
        "averagePrecipitation": 0.0,
        "averageAtmosphericPressure": 0.0,
        "averageWind": 0.0
      }
    },
    "Grassland": {
      "name": "Grassland",
      "baseColourRed": "0.251",
      "baseColourGreen": "0.502",
      "baseColourBlue": "0.000",
      "walkable": {
        "foot": true,
        "boat": false
      },
      "climate": {
        "averageTemperature": 0.0,
        "averageHumidity": 0.0,
        "averagePrecipitation": 0.0,
        "averageAtmosphericPressure": 0.0,
        "averageWind": 0.0
      }
    }
  }
}