<?xml version="1.0" encoding="utf-8" ?>
<!--
<Interaction>
	<interactionType></interactionType>
	<interactionMessage></interactionMessage>
	<interactionValue></interactionValue>
	<interactionProperty></interactionProperty>
	<interactionDestination></interactionDestination>
	<interactionEndNextGUI></interactionEndNextGUI>
</Interaction>
-->


<Story>
	<Introduction>
		<Scene id='0'>
			<text>[1] Dear Diary, I'm having second thoughts. I don't know what I've gotten myself into. Back home, the tales of this new land were of mystery, and adventure; wonders greater than anything ever seen, and riches more abundant than sunlight. However, the closer we get to the portal, the more the stories change.
				
				Terrible monsters, and devious traps are said to await the wearisome traveler. I hear tales of treachery and subterfuge, almost as if the air itself turns adventurer against companion. I wish I hadn't been so foolish. I don't have the funds to turn back, and hardly the will to continue. Perhaps it's not as bad as they say.</text>
			
			<Interaction>
				<interactionType>button</interactionType>
				<interactionMessage>Continue</interactionMessage>
				<interactionDestination>1</interactionDestination>
			</Interaction>
		</Scene>
		
		<Scene id='1'>
			<text>[2] Dear Diary, I have had another poor night of sleep. Hardly a wink since sundown. At least this is the last time I'll have to lie on the carriage floor; our driver tells us we'll arrive at the portal by morning. I don't know how dangerous the land beyond will be, but at least I'll get a full night of rest there.
				
				Between the constant jostling from the large roots on the trail floor, and the terrible stories the locals tell, this four moon journey to the portal may end up worse than whatever's on the other side. I am still concerned, but these stories are too fantastical. Surely, most of them have been made up.</text>
			
			<Interaction>
				<interactionType>button</interactionType>
				<interactionMessage>Continue</interactionMessage>
				<interactionDestination>2</interactionDestination>
			</Interaction>
		</Scene>
		
		<Scene id='2'>
			<text>[3] Dear Diary, Our carriage finally arrived a short time ago. The portal is much larger than I expected, perhaps twice the height of The Royal Family's castle. There are many people here, more than I expected, and the 'encampment' around the portal is more like a village. It even has it's own keep!
				
				At least fifty guards are watching the portal at all times, both night and day. Is there really a need for this? Has anything bad ever come out? No one has been willing to answer these questions, so I'm left to wonder. Personally, I believe they're just reacting to the stories of drunken adventurers, too scared to themselves enter the portal.</text>
			
			<Interaction>
				<interactionType>button</interactionType>
				<interactionMessage>Continue</interactionMessage>
				<interactionDestination>3</interactionDestination>
			</Interaction>
		</Scene>
		
		<Scene id='3'>
			<text>[4] Dear Diary, It has been a few nights since I last wrote. I was starting to wonder why they weren't letting us enter the portal, when, far past sundown, an old man knocked on the door to my room at the inn. He confirmed my suspicions; the local guards have been instructed to prevent anyone from accessing the portal. I don't know when this order was given, but I can't return home, both because I've come so far, and because I can't nearly afford it. What little I had after the long journey was spent on these accommodations.
				
				I told the old man as much, but he only nodded with a slight grin. It seems he anticipated this, and has made preparations for a distraction to occur right after the second bell of the night. He hasn't given me any more information, but has warned me that the stories are indeed true. There are great horrors beyond, but for every monster, there is a sight previously unseen; for every trial, there are bountiful riches belonging to those with the ingenuity to overcome...</text>
			
			<Interaction>
				<interactionType>button</interactionType>
				<interactionMessage>Continue</interactionMessage>
				<interactionDestination>4</interactionDestination>
			</Interaction>
		</Scene>
		
		<Scene id='4'>
			<text>[5] I wanted to ask the old man many other questions, but he began walking towards the door, saying he must go to prepare. As he reached the doorframe, he turned to face me, again with a slight grin. 'The distraction will pull their attention, but will not last long. You won't be able to carry more than the clothes on your back, and the journal in your hands.
				
				Suddenly, his face lit with concerned emotion. 'Quickly, you don't have much time. The lands on the other side change people. You will quickly forget who you were... what you were.' He pointed to my journal, and told me to detail my appearance and personality. When I looked up, he had gone, yet his words hung in the air. 
				
				Compelled, and with an unexplainable sense of urgency, I write these words, and will write of myself on the following page.</text>
			
			<Interaction>
				<interactionType>button</interactionType>
				<interactionMessage>Create Character</interactionMessage>
				<interactionDestination>-1</interactionDestination>
				<interactionEndNextGUI>3</interactionEndNextGUI>
			</Interaction>
		</Scene>
		
		<Scene id='5'>
			<text>[6] Hello, world!</text>
			
			<Interaction>
				<interactionType>button</interactionType>
				<interactionMessage>Test</interactionMessage>
				<interactionDestination>0</interactionDestination>
			</Interaction>
		</Scene>
	</Introduction>
	
	<CharacterCreate>
		<Scene id='0'>
			<text>My name is...</text>
			
			<Interaction>
				<interactionType>label</interactionType>
				<interactionMessage>Name</interactionMessage>
			</Interaction>
			
			<Interaction>
				<interactionType>textfield</interactionType>
				<interactionMessage>Name</interactionMessage>
				
				<InteractionAffect>
					<affectProperty>Name</affectProperty>
				</InteractionAffect>
				
				<interactionDestination>1</interactionDestination>
			</Interaction>
		</Scene>
		
		<Scene id='1'>
			<text>My name is {Name}, I was born a...</text>
			
			<Interaction>
				<interactionType>label</interactionType>
				<interactionMessage>Physical Gender</interactionMessage>
			</Interaction>
			
			<Interaction>
				<interactionType>button</interactionType>
				<interactionMessage>Female</interactionMessage>
				
				<InteractionAffect>
					<affectProperty>PhysicalGender</affectProperty>
					<affectValue>0</affectValue>
				</InteractionAffect>
				
				<interactionDestination>2</interactionDestination>
			</Interaction>
			
			<Interaction>
				<interactionType>button</interactionType>
				<interactionMessage>Male</interactionMessage>
				
				<InteractionAffect>
					<affectProperty>PhysicalGender</affectProperty>
					<affectValue>1</affectValue>
				</InteractionAffect>
				
				<interactionDestination>2</interactionDestination>
			</Interaction>
		</Scene>-->
		
		<Scene id='2'>
			<text>My name is {Name}, I was born a {PhysicalGender}...</text>
			
			<Interaction>
				<interactionType>label</interactionType>
				<interactionMessage>Race</interactionMessage>
			</Interaction>
			
			<Interaction>
				<interactionType>button</interactionType>
				<interactionMessage>Human</interactionMessage>
				
				<InteractionAffect>
					<affectProperty>Race</affectProperty>
					<affectValue>0</affectValue>
				</InteractionAffect>
				
				<interactionDestination>3</interactionDestination>
			</Interaction>
			
			<Interaction>
				<interactionType>button</interactionType>
				<interactionMessage>Feline</interactionMessage>
				
				<InteractionAffect>
					<affectProperty>Race</affectProperty>
					<affectValue>1</affectValue>
				</InteractionAffect>
				
				<interactionDestination>3</interactionDestination>
			</Interaction>
			
			<Interaction>
				<interactionType>button</interactionType>
				<interactionMessage>Canid</interactionMessage>
				
				<InteractionAffect>
					<affectProperty>Race</affectProperty>
					<affectValue>2</affectValue>
				</InteractionAffect>
				
				<interactionDestination>3</interactionDestination>
			</Interaction>
		</Scene>
		
		<Scene id ='3'>
			<text>My name is {Name}, I was born a {PhysicalGender} {Race}, and have...</text>
			
			<Interaction>
				<interactionType>label</interactionType>
				<interactionMessage>Skin Quality</interactionMessage>
			</Interaction>
			
			<Interaction>
				<interactionType>button</interactionType>
				<interactionMessage>Flawless</interactionMessage>
				
				<InteractionAffect>
					<affectProperty>SkinQuality</affectProperty>
					<affectValue>0</affectValue>
				</InteractionAffect>
				
				<interactionDestination>4</interactionDestination>
			</Interaction>
			
			<Interaction>
				<interactionType>button</interactionType>
				<interactionMessage>Clear</interactionMessage>
				
				<InteractionAffect>
					<affectProperty>SkinQuality</affectProperty>
					<affectValue>1</affectValue>
				</InteractionAffect>
				
				<interactionDestination>4</interactionDestination>
			</Interaction>
			
			<Interaction>
				<interactionType>button</interactionType>
				<interactionMessage>Normal</interactionMessage>
				
				<InteractionAffect>
					<affectProperty>SkinQuality</affectProperty>
					<affectValue>2</affectValue>
				</InteractionAffect>
				
				<interactionDestination>4</interactionDestination>
			</Interaction>
			
			<Interaction>
				<interactionType>button</interactionType>
				<interactionMessage>Freckly</interactionMessage>
				
				<InteractionAffect>
					<affectProperty>SkinQuality</affectProperty>
					<affectValue>3</affectValue>
				</InteractionAffect>
				
				<interactionDestination>4</interactionDestination>
			</Interaction>
			
			<Interaction>
				<interactionType>button</interactionType>
				<interactionMessage>Dry</interactionMessage>
				
				<InteractionAffect>
					<affectProperty>SkinQuality</affectProperty>
					<affectValue>4</affectValue>
				</InteractionAffect>
				
				<interactionDestination>4</interactionDestination>
			</Interaction>
			
			<Interaction>
				<interactionType>button</interactionType>
				<interactionMessage>Wrinkly</interactionMessage>
				
				<InteractionAffect>
					<affectProperty>SkinQuality</affectProperty>
					<affectValue>5</affectValue>
				</InteractionAffect>
				
				<interactionDestination>4</interactionDestination>
			</Interaction>
		</Scene>
		
		<Scene id='4'>
			<text>My name is {Name}, I was born a {PhysicalGender} {Race}, and have {SkinQuality}...</text>
			
			<Interaction>
				<interactionType>label</interactionType>
				<interactionMessage>Skin Colour</interactionMessage>
			</Interaction>
			
			<Interaction>
				<interactionType>button</interactionType>
				<interactionMessage>Pale</interactionMessage>
				
				<InteractionAffect>
					<affectProperty>SkinColour</affectProperty>
					<affectValue>0</affectValue>
				</InteractionAffect>
				
				<interactionDestination>5</interactionDestination>
			</Interaction>
			
			<Interaction>
				<interactionType>button</interactionType>
				<interactionMessage>Light</interactionMessage>
				
				<InteractionAffect>
					<affectProperty>SkinColour</affectProperty>
					<affectValue>1</affectValue>
				</InteractionAffect>
				
				<interactionDestination>5</interactionDestination>
			</Interaction>
			
			<Interaction>
				<interactionType>button</interactionType>
				<interactionMessage>Fair</interactionMessage>
				
				<InteractionAffect>
					<affectProperty>SkinColour</affectProperty>
					<affectValue>2</affectValue>
				</InteractionAffect>
				
				<interactionDestination>5</interactionDestination>
			</Interaction>
			
			<Interaction>
				<interactionType>button</interactionType>
				<interactionMessage>Tan</interactionMessage>
				
				<InteractionAffect>
					<affectProperty>SkinColour</affectProperty>
					<affectValue>3</affectValue>
				</InteractionAffect>
				
				<interactionDestination>5</interactionDestination>
			</Interaction>
			
			<Interaction>
				<interactionType>button</interactionType>
				<interactionMessage>Olive</interactionMessage>
				
				<InteractionAffect>
					<affectProperty>SkinColour</affectProperty>
					<affectValue>4</affectValue>
				</InteractionAffect>
				
				<interactionDestination>5</interactionDestination>
			</Interaction>
			
			<Interaction>
				<interactionType>button</interactionType>
				<interactionMessage>Brown</interactionMessage>
				
				<InteractionAffect>
					<affectProperty>SkinColour</affectProperty>
					<affectValue>5</affectValue>
				</InteractionAffect>
				
				<interactionDestination>5</interactionDestination>
			</Interaction>
			
			<Interaction>
				<interactionType>button</interactionType>
				<interactionMessage>Ebony</interactionMessage>
				
				<InteractionAffect>
					<affectProperty>SkinColour</affectProperty>
					<affectValue>6</affectValue>
				</InteractionAffect>
				
				<interactionDestination>5</interactionDestination>
			</Interaction>
			
			<Interaction>
				<interactionType>button</interactionType>
				<interactionMessage>Black</interactionMessage>
				
				<InteractionAffect>
					<affectProperty>SkinColour</affectProperty>
					<affectValue>7</affectValue>
				</InteractionAffect>
				
				<interactionDestination>5</interactionDestination>
			</Interaction>
		</Scene>
		
		<Scene id='5'>
			<text>My name is {Name}, I was born a {PhysicalGender} {Race}, and have {SkinQuality} {SkinColour} skin. I'm built as a...</text>
			
			<Interaction>
				<interactionType>label</interactionType>
				<interactionMessage>Body Shape</interactionMessage>
			</Interaction>
			
			<Interaction>
				<interactionType>button</interactionType>
				<interactionMessage>Neat Hourglass</interactionMessage>
				
				<InteractionAffect>
					<affectProperty>BodyShape</affectProperty>
					<affectValue>0</affectValue>
				</InteractionAffect>
				
				<interactionDestination>6</interactionDestination>
			</Interaction>
			
			<Interaction>
				<interactionType>button</interactionType>
				<interactionMessage>Full Hourglass</interactionMessage>
				
				<InteractionAffect>
					<affectProperty>BodyShape</affectProperty>
					<affectValue>1</affectValue>
				</InteractionAffect>
				
				<interactionDestination>6</interactionDestination>
			</Interaction>
			
			<Interaction>
				<interactionType>button</interactionType>
				<interactionMessage>Inverted Triangle</interactionMessage>
				
				<InteractionAffect>
					<affectProperty>BodyShape</affectProperty>
					<affectValue>3</affectValue>
				</InteractionAffect>
				
				<interactionDestination>6</interactionDestination>
			</Interaction>
			
			<Interaction>
				<interactionType>button</interactionType>
				<interactionMessage>Lean Column</interactionMessage>
				
				<InteractionAffect>
					<affectProperty>BodyShape</affectProperty>
					<affectValue>3</affectValue>
				</InteractionAffect>
				
				<interactionDestination>6</interactionDestination>
			</Interaction>
			
			<Interaction>
				<interactionType>button</interactionType>
				<interactionMessage>Rectangle</interactionMessage>
				
				<InteractionAffect>
					<affectProperty>BodyShape</affectProperty>
					<affectValue>4</affectValue>
				</InteractionAffect>
				
				<interactionDestination>6</interactionDestination>
			</Interaction>
			
			<Interaction>
				<interactionType>button</interactionType>
				<interactionMessage>Pear</interactionMessage>
				
				<InteractionAffect>
					<affectProperty>BodyShape</affectProperty>
					<affectValue>5</affectValue>
				</InteractionAffect>
				
				<interactionDestination>6</interactionDestination>
			</Interaction>
			
			<Interaction>
				<interactionType>button</interactionType>
				<interactionMessage>Apple</interactionMessage>
				
				<InteractionAffect>
					<affectProperty>BodyShape</affectProperty>
					<affectValue>6</affectValue>
				</InteractionAffect>
				
				<interactionDestination>6</interactionDestination>
			</Interaction>
		</Scene>
		
		<Scene id='6'>
			<text>My name is {Name}, I was born a {PhysicalGender} {Race}, and have {SkinQuality} {SkinColour} skin. I'm built as a {BodyShape}, my height is rather...</text>
			
			<Interaction>
				<interactionType>label</interactionType>
				<interactionMessage>Height</interactionMessage>
			</Interaction>
			
			<Interaction>
				<interactionType>button</interactionType>
				<interactionMessage>Child-Like</interactionMessage>
				
				<InteractionAffect>
					<affectProperty>Height</affectProperty>
					<affectValue>0</affectValue>
				</InteractionAffect>
				
				<interactionDestination>7</interactionDestination>
			</Interaction>
			
			<Interaction>
				<interactionType>button</interactionType>
				<interactionMessage>Short</interactionMessage>
				
				<InteractionAffect>
					<affectProperty>Height</affectProperty>
					<affectValue>1</affectValue>
				</InteractionAffect>
				
				<interactionDestination>7</interactionDestination>
			</Interaction>
			
			<Interaction>
				<interactionType>button</interactionType>
				<interactionMessage>Under Average</interactionMessage>
				
				<InteractionAffect>
					<affectProperty>Height</affectProperty>
					<affectValue>2</affectValue>
				</InteractionAffect>
				
				<interactionDestination>7</interactionDestination>
			</Interaction>
			
			<Interaction>
				<interactionType>button</interactionType>
				<interactionMessage>Average</interactionMessage>
				
				<InteractionAffect>
					<affectProperty>Height</affectProperty>
					<affectValue>3</affectValue>
				</InteractionAffect>
				
				<interactionDestination>7</interactionDestination>
			</Interaction>
			
			<Interaction>
				<interactionType>button</interactionType>
				<interactionMessage>Above Average</interactionMessage>
				
				<InteractionAffect>
					<affectProperty>Height</affectProperty>
					<affectValue>4</affectValue>
				</InteractionAffect>
				
				<interactionDestination>7</interactionDestination>
			</Interaction>
			
			<Interaction>
				<interactionType>button</interactionType>
				<interactionMessage>Tall</interactionMessage>
				
				<InteractionAffect>
					<affectProperty>Height</affectProperty>
					<affectValue>5</affectValue>
				</InteractionAffect>
				
				<interactionDestination>7</interactionDestination>
			</Interaction>
		</Scene>
		
		<Scene id='7'>
			<text>My name is {Name}, I was born a {PhysicalGender} {Race}, and have {SkinQuality} {SkinColour} skin. I'm built as a {BodyShape}, my height is rather {Height}, and I weigh...</text>
			
			<Interaction>
				<interactionType>label</interactionType>
				<interactionMessage>Weight</interactionMessage>
			</Interaction>
			
			<Interaction>
				<interactionType>button</interactionType>
				<interactionMessage>Skinny</interactionMessage>
				
				<InteractionAffect>
					<affectProperty>Weight</affectProperty>
					<affectValue>0</affectValue>
				</InteractionAffect>
				
				<interactionDestination>8</interactionDestination>
			</Interaction>
			
			<Interaction>
				<interactionType>button</interactionType>
				<interactionMessage>Lean</interactionMessage>
				
				<InteractionAffect>
					<affectProperty>Weight</affectProperty>
					<affectValue>1</affectValue>
				</InteractionAffect>
				
				<interactionDestination>8</interactionDestination>
			</Interaction>
			
			<Interaction>
				<interactionType>button</interactionType>
				<interactionMessage>Average</interactionMessage>
				
				<InteractionAffect>
					<affectProperty>Weight</affectProperty>
					<affectValue>2</affectValue>
				</InteractionAffect>
				
				<interactionDestination>8</interactionDestination>
			</Interaction>
			
			<Interaction>
				<interactionType>button</interactionType>
				<interactionMessage>Chubby</interactionMessage>
				
				<InteractionAffect>
					<affectProperty>Weight</affectProperty>
					<affectValue>3</affectValue>
				</InteractionAffect>
				
				<interactionDestination>8</interactionDestination>
			</Interaction>
			
			<Interaction>
				<interactionType>button</interactionType>
				<interactionMessage>Overweight</interactionMessage>
				
				<InteractionAffect>
					<affectProperty>Weight</affectProperty>
					<affectValue>4</affectValue>
				</InteractionAffect>
				
				<interactionDestination>8</interactionDestination>
			</Interaction>
		</Scene>
		
		<Scene id='8'>
			<text>My name is {Name}, I was born a {PhysicalGender} {Race}, and have {SkinQuality} {SkinColour} skin. I'm built as a {BodyShape}, my height is rather {Height}, and I weigh {Weight}.</text>
			
			<Interaction>
				<interactionType>button</interactionType>
				<interactionMessage>Enter Portal</interactionMessage>
				<interactionDestination>5</interactionDestination>
				<interactionEndNextGUI>2</interactionEndNextGUI>
			</Interaction>
		</Scene>
		
		<!-- "My " + player.detailedAppearance.detailedHair.HairType + " " + player.detailedAppearance.detailedHair.HairColour + " hair is " + player.detailedAppearance.detailedHair.HairLength + ", just like I prefer. My mother always said the " +
				player.detailedAppearance.EyebrowsType + " eyebrows above my " + player.detailedAppearance.detailedEyes.EyeColour + " " + player.detailedAppearance.detailedEyes.EyeShape + " eyes frame my " + player.detailedAppearance.NoseShape + " nose in just the right way." -->
	</CharacterCreate>
</Story>